{"cameraMode":{"drawMode":0,"name":"Shaded","section":"Shading Mode"},"sceneLighting":true,"audioPlay":false,"sceneViewState":{"m_AlwaysRefresh":false,"showFog":true,"showSkybox":true,"showFlares":true,"showImageEffects":true,"showParticleSystems":true,"showVisualEffectGraphs":true,"m_FxEnabled":true},"in2DMode":false,"pivot":{"x":-5.274807929992676,"y":-8.944477081298829,"z":69.95708465576172},"rotation":{"x":-0.16661958396434785,"y":0.13063649833202363,"z":-0.022259213030338289,"w":-0.9770976901054382},"size":18.528228759765626,"orthographic":true}